<rss version="2.0" xmlns:atom="http://www.w3.org/2005/Atom">
  <channel>
    <title>低成本高可用 K8s 私有云落地指南：从硬件规划到系统上线 – 低成本高可用 K8s 私有云落地指南：从硬件规划到系统上线</title>
    <link>http://localhost:1313/fr/</link>
    <description>Recent content on 低成本高可用 K8s 私有云落地指南：从硬件规划到系统上线</description>
    <generator>Hugo -- gohugo.io</generator>
    <language>fr</language>
    
	  <atom:link href="http://localhost:1313/fr/index.xml" rel="self" type="application/rss+xml" />
    
    
      
      
    
    
  </channel>
</rss>
