<rss version="2.0" xmlns:atom="http://www.w3.org/2005/Atom">
  <channel>
    <title>低成本高可用 K8s 私有云落地指南：从硬件规划到系统上线 – 概述</title>
    <link>https://docs.lowcost-k8s-guide.tsanfer.com/docs/storage/</link>
    <description>Recent content in 概述 on 低成本高可用 K8s 私有云落地指南：从硬件规划到系统上线</description>
    <generator>Hugo -- gohugo.io</generator>
    <language>zh-CN</language>
    
	  <atom:link href="https://docs.lowcost-k8s-guide.tsanfer.com/docs/storage/index.xml" rel="self" type="application/rss+xml" />
    
    
      
        
      
    
    
  </channel>
</rss>
